41,firstName41,kumar41,singh41,first41@kumar41,9902323890,1986-01-04
42,firstName42,kumar42,singh42,first42@kumar42,9902323890,1986-01-04
43,firstName43,kumar43,singh43,first43@kumar43,9902323890,1986-01-04
44,firstName44,kumar44,singh44,first44@kumar44,9902323890,1986-01-04
45,firstName45,kumar45,singh45,first45@kumar45,9902323890,1986-01-04
46,firstName46,kumar46,singh46,first46@kumar46,9902323890,1986-01-04
47,firstName47,kumar47,singh47,first47@kumar47,9902323890,1986-01-04
48,firstName48,kumar48,singh48,first48@kumar48,9902323890,1986-01-04
49,firstName49,kumar49,singh49,first49@kumar49,9902323890,1986-01-04
50,firstName50,kumar50,singh50,first50@kumar50,9902323890,1986-01-04
