FIXED-RECORD-A;101AdarshKumarSinghAdarsh@kumar819741633613/09/1983
FIXED-RECORD-B;102AmitKumarSinghAmit@kumar990232389104/01/1986
FIXED-RECORD-C;103Radha SinghRadha@singh990237089105/04/1986
FIXED-RECORD-A;104AdarshKumarSinghAdarsh@kumar819741633613/09/1983
FIXED-RECORD-B;105AmitKumarSinghAmit@kumar990232389104/01/1986
FIXED-RECORD-C;106Radha SinghRadha@singh990237089105/04/1986
FIXED-RECORD-A;107AdarshKumarSinghAdarsh@kumar819741633613/09/1983
FIXED-RECORD-B;108AmitKumarSinghAmit@kumar990232389104/01/1986
FIXED-RECORD-C;109Radha SinghRadha@singh990237089105/04/1986
FIXED-RECORD-A;110AdarshKumarSinghAdarsh@kumar819741633613/09/1983
FIXED-RECORD-B;111AmitKumarSinghAmit@kumar990232389104/01/1986
FIXED-RECORD-C;112Radha SinghRadha@singh990237089105/04/1986
FIXED-RECORD-A;113AdarshKumarSinghAdarsh@kumar819741633613/09/1983
FIXED-RECORD-B;114AmitKumarSinghAmit@kumar990232389104/01/1986
FIXED-RECORD-C;115Radha SinghRadha@singh990237089105/04/1986
FIXED-RECORD-A;116AdarshKumarSinghAdarsh@kumar819741633613/09/1983
FIXED-RECORD-B;117AmitKumarSinghAmit@kumar990232389104/01/1986
FIXED-RECORD-C;118Radha SinghRadha@singh990237089105/04/1986